{
  "User": [
    {
      "id": 1,
      "name": "ขอนแก่น น่าอยู่",
      "organization": "น่าอยู่ คอร์ปอเรชั่น จำกัด",
      "mobilenumber": "0619259998",
      "homephone": "0619259998",
      "officenumber": "0619259998",
      "email": "nayoo.corporation@gmail.com",
      "image": "nayoo_khonkaen.jpg",
      "created_at": "2021-12-22T03:04:02.000000Z",
      "updated_at": "2021-12-22T04:13:00.000000Z"
    },
    {
      "id": 5,
      "name": "ขอนแก่น น่าอยู่",
      "organization": "น่าอยู่ คอร์ปอเรชั่น จำกัด",
      "mobilenumber": "0619259998",
      "homephone": "0619259998",
      "officenumber": "0619259998",
      "email": "nayoo.corporation@gmail.com",
      "image": "nayoo_khonkaen.jpg",
      "created_at": "2021-12-22T03:04:02.000000Z",
      "updated_at": "2021-12-22T04:13:00.000000Z"
    }
  ]
}